<?xml version="1.0" encoding="UTF-8"?>
<Configuration status="DEBUG">
    <Appenders>
        <Console name="Console" target="SYSTEM_OUT">
            <PatternLayout pattern="%d{HH:mm:ss.SSS} [%t] %-5level %logger{1} - %msg%n"/>
        </Console>
        <RollingFile name="RollingFile" fileName="log/output-${date:yyyyMMdd}.log"
                     filePattern="log/output-%d{yyyyMMdd}.log">
            <PatternLayout pattern="%d{HH:mm:ss.SSS} [%t] %-5level %logger{1} - %msg%n"/>
            <TimeBasedTriggeringPolicy />
        </RollingFile>
    </Appenders>
    <Loggers>
        <Root level="ALL">
            <AppenderRef ref="Console"/>
            <AppenderRef ref="RollingFile"/>
        </Root>
    </Loggers>
</Configuration>