Title length,Description length,View Count,Like Count,Dislike Count,Comment Count,month,year
8,8,92787,370,78,8,3,2020
7,28,447285,13430,661,1226,3,2020
11,28,19902,268,33,12,3,2020
5,5,2602224,77558,3927,2678,3,2020
18,25,738220,3524,766,111,3,2020
38,43,380016,1135,234,44,3,2020
76,29,67688,677,56,21,3,2020
66,72,1482306,8145,2033,157,3,2020
17,25,74695,433,103,16,3,2020
11,27,733024,6672,954,329,10,2019
32,22,141650,8488,500,202,3,2020
16,27,34614074,328070,15817,21159,9,2018
19,19,294606,1557,273,57,3,2020
8,0,8219054,79370,5595,2937,7,2017
64,70,2934344,15965,3630,416,3,2020
11,30,131305,9082,1003,1053,3,2020
9,28,417571,17727,323,1307,3,2020
21,25,6334547,19139,5447,432,12,2019
9,24,621665,8431,223,525,2,2020
45,97,6764262,42854,9176,856,3,2020
5,27,327116,5241,525,468,3,2020
11,32,841685,28526,879,321,3,2020
28,34,86529,222,52,10,3,2020
12,23,512794,1961,475,45,2,2020
17,20,245566,1013,238,53,3,2020
8,21,50088,2852,59,399,3,2020
8,26,47170,2380,38,50,3,2020
16,27,232629,1196,259,52,3,2020
13,19,3145734,38804,1585,1121,8,2018
7,5,4886,237,1,53,3,2020
33,48,27409220,70614,15463,1442,5,2019
13,29,4128296,87643,3313,3784,11,2019
37,43,455810,1811,361,43,3,2020
28,38,80016,1459,98,54,3,2020
11,22,413831,6560,390,166,3,2020
7,16,473284,2646,659,364,2,2019
18,25,4756433,16962,4581,242,2,2020
14,24,10440182,37345,9608,465,1,2020
11,25,8177955,95214,4101,2540,4,2018
10,29,41401,1050,17,42,3,2020
85,124,169952,1598,194,25,3,2020
8,2,3989810,17004,2830,239,1,2020
7,26,1375522,38587,575,632,2,2020
13,21,7232230,47805,3801,472,12,2019
12,24,1338867,13716,581,498,8,2018
11,28,322531,5893,339,334,2,2020
44,28,576188,6285,363,75,3,2020
88,99,37531520,226612,19360,4597,9,2019
10,21,4372583,12160,2631,261,1,2020
68,74,1060392,8520,1586,250,3,2020
17,22,1153126,3660,1241,86,2,2020
13,28,1675154,10971,841,216,1,2020
55,19,132547,1656,244,NA,3,2020
16,27,440932,1936,461,86,2,2020
35,83,74941,919,58,27,3,2020
10,29,1816064,56079,1303,2070,9,2019
42,55,1130732,5792,909,109,3,2020
52,22,126884,3353,153,99,3,2020
13,21,3023915,4339,911,137,7,2016
69,75,5714320,21772,6333,474,3,2020
21,25,217813,1007,279,24,2,2020
45,58,6811336,19039,4582,344,1,2020
21,26,56827,3399,53,119,3,2020
6,28,2348760,47773,1436,2377,2,2020
4,19,1297060,30223,1824,3116,2,2020
4,19,2009533,49865,1859,4150,2,2020
6,15,57836,442,40,36,3,2020
12,30,151201,8215,106,354,2,2020
13,27,25460,522,25,28,2,2020
35,83,33885,346,30,14,3,2020
8,26,344914,40163,243,364,3,2020
7,29,2450140,22522,1125,972,9,2018
7,24,1247803,40253,765,2393,2,2020
59,65,5178725,22043,5425,443,3,2020
46,88,14839835,72036,19440,996,2,2020
12,24,1038234,6292,648,117,2,2020
45,118,3621506,19723,4103,417,3,2020
11,23,1179493,3380,941,91,2,2020
4,19,1756879,44675,1863,4723,2,2020
70,88,307202,11573,1209,NA,3,2020
9,29,1840813,50754,1253,3610,2,2020
45,112,10280521,51797,10790,1291,2,2020
10,0,1593422,8619,1548,458,9,2018
9,22,436531,16327,190,917,2,2020
73,78,934627,7022,1282,183,3,2020
12,28,20703895,112935,16427,2959,10,2019
60,66,1031794,7425,1462,206,3,2020
54,95,27210285,115653,36759,923,2,2020
8,24,992600,48230,1944,896,2,2020
13,23,8798993,34723,11247,472,2,2020
18,17,924984,4953,1092,177,2,2020
56,91,7394766,41497,9404,721,2,2020
12,27,24275,448,19,21,3,2020
12,14,124856,1319,113,NA,3,2020
56,66,5206607,19287,5250,474,3,2020
7,31,1712762,45787,803,1890,2,2020
12,16,197173,1921,173,85,2,2020
40,122,8198,61,11,11,3,2020
44,170,484565,10271,1017,338,3,2020
12,27,4551343,34509,2707,1949,12,2019
14,19,10903,865,23,194,3,2020
10,26,253565,9591,378,177,3,2020
10,7,5047906,78988,5879,1591,3,2020
12,14,2398764,35644,1822,1823,9,2018
67,73,2631716,12187,3449,381,3,2020
98,102,14561,423,12,25,3,2020
9,9,367605,1214,310,20,3,2020
104,22,14759,874,26,145,3,2020
12,16,29505,860,80,21,3,2020
15,21,20097,104,20,9,3,2020
9,35,1297134,36484,1125,1473,1,2020
9,28,360602,6848,560,765,1,2020
53,62,7349559,22728,7529,400,2,2020
4,19,1922036,42220,1742,3375,2,2020
52,28,691024,27508,1231,1458,3,2020
7,28,666745,26686,1529,589,3,2020
54,60,2831115,11960,3417,263,3,2020
42,38,121782,3754,199,259,3,2020
16,22,1417266,6754,2079,87,2,2020
10,31,279248,6132,415,383,1,2020
66,72,30148924,134792,37278,1995,2,2020
4,6,4976496,96478,2725,2299,1,2020
12,18,148203,3765,320,207,3,2020
9,26,32062,961,46,31,3,2020
17,0,2676694,27604,1535,3338,9,2017
9,26,3630024,76234,6390,4839,10,2019
9,19,5533802,26808,2186,985,11,2015
13,22,304897,4988,509,171,3,2020
46,56,3015614,12891,2187,269,2,2020
12,32,1961320,43354,1685,4256,12,2019
13,29,524743,11924,263,531,1,2020
8,22,13940563,747142,11013,17814,2,2020
6,28,3272267,58885,1934,2334,1,2020
15,21,2824898,11089,3146,172,2,2020
7,27,4732746,37466,1674,1299,1,2018
9,27,79234,4739,114,221,3,2020
14,121,348720,9278,581,592,3,2020
9,23,40845,850,40,41,2,2020
6,28,165884,5930,279,821,2,2020
23,42,427791,2792,466,113,2,2020
12,26,839121,15505,484,625,4,2019
9,21,60499,406,22,22,9,2018
11,33,49074,3096,58,45,3,2020
14,27,401762,2854,507,213,2,2020
7,26,2270835,19633,1399,1192,7,2018
15,27,48321,3730,138,226,3,2020
10,13,191220,1287,77,23,2,2020
15,23,2927868,67110,2191,2873,5,2019
94,88,52328,923,54,0,2,2020
10,26,154955,2901,100,119,2,2020
73,78,3154964,17549,3927,378,3,2020
14,23,661260,4964,261,285,2,2020
14,88,267601,3894,362,265,3,2020
8,6,3754648,34207,1909,2593,11,2016
13,45,1685856,46989,2625,3031,3,2020
10,21,524595,22736,2147,842,3,2020
62,68,749932,6240,1162,190,3,2020
9,26,978070,42263,1589,710,2,2020
38,97,45648912,193139,53383,2449,11,2019
15,29,27943564,79376,22154,1112,12,2019
10,28,1276440,49313,900,1464,2,2020
12,22,97493,2028,158,249,3,2020
10,29,35108,1413,32,40,2,2020
15,29,5035872,23752,2619,289,11,2018
14,21,368359,15254,833,994,3,2020
13,25,229046,5685,845,290,3,2020
9,22,7946183,157243,4616,8542,9,2019
40,26,19648163,93053,24447,675,2,2020
8,22,123869,2668,56,60,2,2020
34,95,115645,2994,261,263,3,2020
43,95,9448556,49950,9822,973,1,2020
12,23,2256970,8958,1765,152,1,2020
4,19,1893631,38860,1384,2701,1,2020
14,25,521365,2343,488,73,2,2020
50,118,27123198,120835,29738,2332,1,2020
9,19,397129,6180,800,218,3,2020
15,19,11337915,39137,9205,652,11,2019
10,26,1013392,14774,434,783,1,2020
25,44,5762138,21212,4930,378,1,2020
68,7,50434,187,47,4,3,2020
32,120,12219086,56030,11901,1165,12,2019
42,23,10840794,67860,11908,836,1,2020
19,12,195127,1957,130,27,3,2020
19,20,678473,2068,333,29,3,2020
7,20,6884865,21424,1646,763,6,2015
6,12,1519747,69536,1282,1221,3,2020
52,91,44076343,154545,53553,1200,2,2020
8,0,4082690,23825,2949,890,8,2014
13,25,6040638,50999,6502,1073,12,2019
11,27,2269748,62336,1039,2197,9,2019
8,25,443701,6956,705,219,1,2020
7,30,3948170,73317,2413,3541,1,2020
10,17,49695,1377,216,342,3,2020
57,62,1374150,12367,1104,141,1,2020
12,20,12820213,46585,14802,442,1,2020
11,24,4643087,52325,1826,1325,10,2018
8,8,9191540,114024,11237,2131,2,2020
14,27,30069412,88382,23169,2075,4,2018
7,19,636898,9229,1178,310,3,2020
9,26,96861,4038,257,327,3,2020
15,26,556998,9213,265,213,3,2020
7,32,675098,24415,635,325,1,2020
8,30,80317,3097,86,223,3,2020
8,13,1377512,2415,227,117,5,2012
9,24,44054,2046,42,27,2,2020
12,23,3466324,10474,2619,201,1,2020
10,22,3935763,71031,1458,2134,10,2018
86,121,18110465,248790,15375,3997,7,2019
15,29,8492360,27747,7376,350,12,2019
10,28,5374539,20636,4690,341,2,2020
56,69,11466224,54573,12737,1335,1,2020
21,26,527723,2294,704,47,1,2020
33,21,18595594,76895,21615,775,1,2020
73,78,4578703,24036,5731,457,3,2020
11,32,83794,1252,67,72,2,2020
15,27,566650,14309,624,579,2,2020
10,24,55785,2956,85,80,2,2020
10,22,509413,18541,283,538,2,2020
8,25,5724,564,10,6,3,2020
7,22,14720,410,95,53,3,2020
36,73,79449865,263714,102470,1377,1,2020
45,118,16258031,65905,15026,1688,1,2020
14,8,178861,NA,NA,35,1,2020
42,120,4132290,25224,5325,865,3,2020
53,20,471909,3181,191,53,2,2020
40,116,21824268,86266,19023,1759,10,2019
12,15,103031,2662,98,111,8,2019
45,17,20146415,79200,22421,857,12,2019
10,24,3952822,179299,5580,3420,2,2020
11,29,29582429,601065,20249,NA,4,2019
7,27,2153230,48411,1527,2169,1,2020
39,120,17217558,78862,18587,1394,2,2020
7,0,2509577,18074,648,883,12,2012
12,24,810075,4195,518,98,3,2017
16,27,349072900,912216,353861,13518,10,2018
10,23,12055542,39551,10003,908,9,2019
9,25,635678,57551,477,626,2,2020
7,24,7814344,129269,3075,770,6,2019
9,29,2295300,7079,1908,168,9,2019
68,74,15192423,58077,17713,1080,2,2020
20,25,766743,2882,748,112,1,2020
43,157,3312569,101821,2279,2564,1,2020
7,27,3394894,62202,2088,3095,12,2019
13,29,457592,4107,257,64,1,2020
11,22,2070784,55645,2264,965,7,2019
43,122,11273825,55837,12527,844,2,2020
9,23,1128490,10559,933,272,2,2020
80,126,2075872,10879,1523,377,1,2020
28,0,8712344,54207,8146,684,6,2019
13,27,3284264,8812,2235,161,11,2019
51,100,25234728,131930,29681,1403,2,2020
22,23,5422995,13508,4219,188,12,2019
23,21,1658938,4614,1579,95,1,2020
9,14,1494169,16044,1110,1153,5,2019
14,25,2382418,4339,1357,93,10,2019
21,19,2573347,6960,2042,151,12,2019
13,28,7759267,22503,5343,348,11,2019
14,24,1066404,11935,562,585,10,2019
44,118,11617556,55156,11605,1124,2,2020
6,27,1173463,4898,169,156,9,2016
8,29,4553826,63289,2585,3363,11,2019
10,26,5945483,335087,10574,12931,6,2019
15,29,4629887,11132,3047,205,12,2019
11,26,6028540,98977,3373,1714,10,2018
19,25,2943846,9884,2263,293,12,2019
12,22,239858,4228,248,229,9,2019
12,32,993679,39849,433,2174,2,2020
6,28,633694,6080,387,353,9,2019
13,25,2667286,124533,4498,4223,1,2020
10,23,79636,844,117,85,12,2019
10,22,1799807,30261,965,964,10,2018
11,26,4036831,79289,3257,1465,7,2019
10,27,207849,4738,373,377,10,2019
11,22,3869207,49944,2309,1837,10,2017
6,27,774520,10841,360,348,1,2020
21,21,5578454,8179,2839,124,1,2020
10,24,4552763,66647,4356,2326,10,2018
6,26,1173388,83375,1149,1206,12,2019
58,65,18260466,72357,18874,1442,2,2020
11,7,6739309,365453,5451,6683,1,2020
62,168,1237231,13151,3357,1056,12,2019
14,23,589695,12915,366,405,10,2019
79,121,7330042,130427,12660,4791,11,2019
14,24,71751,1045,106,107,2,2020
11,21,439607,10277,251,226,10,2019
7,17,4017757,69744,2205,4284,1,2020
5,24,8523241,116333,11462,14264,12,2019
38,178,14976798,94388,12707,1494,3,2018
96,0,19468107,84348,9721,652,3,2019
8,22,2552129,87484,5689,3788,12,2019
7,19,180294,8858,285,410,10,2019
10,24,2180084,8783,843,373,5,2017
10,22,278863,8425,281,384,12,2019
11,24,2162180,14515,1199,516,10,2019
10,28,2622393,56281,2935,2278,10,2019
11,23,2305733,4896,987,276,2,2011
8,18,1283164,1571,404,82,5,2015
56,0,9250584,136157,6091,4187,12,2019
36,41,898408,22960,1497,1237,2,2020
6,18,312792,9979,518,NA,7,2018
13,52,851066,1789,469,113,10,2013
9,24,219180,10436,429,376,5,2019
9,26,1031679,2728,650,77,7,2013
59,121,5972437,113903,10575,2702,10,2019
13,25,11903349,42534,2726,1446,8,2016
67,121,7737093,132327,7191,2325,9,2019
5,26,1261521,98727,976,2039,2,2020
59,65,9865236,30188,9531,574,2,2020
14,27,54396922,190887,32311,7910,7,2018
13,26,659958,3544,455,192,2,2017
4,6,493503,1764,62,136,7,2012
66,72,4813050,22970,5354,576,2,2020
12,24,305937,3674,227,55,1,2020
50,26,188174,660,73,19,1,2020
9,22,111119,6873,446,402,5,2019
9,18,188690,857,183,32,12,2015
7,10,310919,1051,37,267,11,2010
14,23,557797,958,283,44,12,2011
7,31,17106653,225657,3596,7732,12,2014
15,27,7283923,17572,4794,699,5,2017
11,23,245239,13703,512,413,7,2019
5,19,149396,7662,226,255,10,2019
11,23,57305,647,36,5,11,2019
14,21,3750574,17024,2392,1064,6,2018
12,26,12541398,28609,7745,1288,12,2015
14,26,498915,2291,172,130,4,2014
8,19,98350,6225,326,492,3,2019
50,26,66139,398,25,28,1,2020
12,26,5278555,14731,2472,71,10,2013
4,25,65352,14,0,0,1,2015
12,26,2399699,8179,1482,507,5,2014
9,0,24638,835,11,22,1,2018
6,16,15843,NA,NA,0,1,2012
12,26,2834856,9890,1621,26,11,2012
4,23,440678,8104,260,112,1,2020
10,26,830286,3140,507,11,10,2011
15,25,986864,1525,431,90,3,2019
50,26,47248,243,22,6,12,2019
7,23,339308,2396,138,316,2,2020
16,31,21826061,71463,11982,2637,4,2018
5,18,17487,90,1,3,7,2010
9,26,2141602,7999,1264,24,10,2011
6,18,362579,6496,535,NA,3,2018
8,20,72861,6377,139,219,12,2019
74,13,129842,997,64,17,1,2019
7,19,250368,2344,90,NA,7,2018
12,25,362887,8010,445,2108,1,2020
4,2,311563,675,56,167,12,2010
13,21,99070,226,54,8,5,2016
38,22,947080,3077,428,318,8,2014
7,19,238931,7000,304,261,3,2019
48,121,10552502,171594,9741,5887,12,2019
4,10,232143,132,37,17,1,2012
3,0,202684,515,66,15,5,2010
6,0,57531,277,23,4,1,2014
8,23,18886,158,11,9,6,2015
4,10,16669,116,2,3,9,2012
28,23,157388,6842,268,216,8,2019
11,26,411657,710,151,38,8,2015
7,77,992519,3994,519,239,2,2018
10,18,45117,150,26,7,10,2018
7,26,3785119,196151,2977,5168,2,2020
74,71,100791,409,86,26,6,2018
9,18,249964,6404,464,NA,4,2018
24,0,24232,659,12,34,8,2017
8,19,156445,12837,466,437,8,2019
30,25,1235848,4050,830,379,8,2014
9,27,49695,95,17,4,10,2017
6,18,333681,11109,788,511,12,2018
12,25,1452564,10246,832,231,4,2018
17,22,995431,2129,656,111,8,2013
3,29,16434,27,5,9,11,2016
12,26,3389410,6406,1090,225,7,2014
6,19,108311,4901,195,328,3,2019
7,13,55380,541,27,9,4,2016
12,25,26841,5,0,0,9,2015
9,33,261861,297,154,0,1,2018
6,28,5089,9,2,6,3,2010
8,35,59984,640,28,34,9,2017
8,23,42411,NA,NA,NA,1,2017
12,14,34315,234,12,12,11,2012
9,23,328376,223,11,19,4,2009
50,26,87733,389,43,8,12,2019
8,28,2224547,147,11,7,2,2018
13,24,1288583,4711,851,501,11,2017
13,26,236185,350,149,7,10,2018
15,28,1846317,5484,1092,367,7,2017
14,26,818426,1588,447,31,8,2017
6,16,763291,2527,421,304,6,2014
5,24,302733,6240,270,359,2,2020
49,58,204641,1832,281,65,3,2020
21,25,7650616,29448,5710,484,10,2019
16,23,3287508,73558,2654,1928,11,2019
8,25,8050241,13186,3992,114,12,2014
20,25,955246,3013,783,79,11,2019
34,49,1772338,5916,1293,147,11,2019
8,22,109468,157,49,4,2,2019
10,23,1115391,49716,717,1485,11,2019
14,21,2767928,2078,991,72,7,2018
12,28,4401994,3886,1553,262,10,2018
18,29,17703191,52581,11978,950,9,2019
9,31,11956897,13162,4652,386,8,2018
15,29,7207721,20238,4848,290,11,2019
15,28,11645482,24153,9054,521,2,2019
6,28,5534,125,9,23,12,2012
10,33,26490560,143219,21956,5026,3,2019
6,3,13130,23,12,1,12,2008
7,26,7455,110,1,22,12,2012
9,26,12615762,77909,2435,5191,8,2014
9,28,183172,2165,673,486,8,2018
6,26,62,1,0,NA,4,2019
12,25,988,5,2,1,1,2018
4,24,14086,94,0,7,12,2008
12,23,18978851,39517,19128,209,9,2018
2,24,6538,196,3,53,4,2013
9,31,49044,828,18,83,10,2018
13,28,51818,669,35,89,3,2019
3,30,21294,63,1,NA,10,2009
9,31,21278,326,11,54,9,2018
12,25,320344,1163,14,99,6,2013
13,22,99943,1483,75,267,9,2018
6,20,51448,1919,33,166,3,2019
9,16,208938,682,77,39,9,2018
11,27,8686,62,1,8,8,2017
6,27,1984,6,0,2,8,2017
7,22,1942,9,0,0,8,2011
4,29,3661,55,0,0,7,2017
13,26,536372,7277,141,196,2,2019
11,20,59,3,0,0,8,2014
34,29,41,0,0,0,1,2015
9,24,1938,138,10,45,7,2017
10,26,25625,105,10,55,5,2016
12,26,114,0,4,0,4,2017
13,24,72,2,1,0,6,2017
9,28,56,0,0,0,6,2016
5,26,230,1,0,0,10,2015
10,27,120,2,0,0,12,2016
9,26,741965,2307,250,161,9,2019
8,26,212,1,0,0,10,2015
8,17,244,1,0,0,5,2016
9,27,883,5,0,2,4,2016
8,8,240,2,0,1,2,2009
7,20,20,1,0,0,4,2016
5,31,166,1,0,0,2,2016
11,25,155,1,0,0,6,2016
11,31,192,2,0,0,2,2016
13,29,29,0,0,0,7,2015
9,27,19,0,0,0,7,2015
10,29,159,1,5,5,4,2017
14,28,2131069,96969,3034,14927,11,2017
10,33,227,13,0,6,2,2019
13,21,5276,47,7,34,1,2019
14,25,576,10,0,0,1,2018
11,31,359,0,0,1,7,2015
11,27,304,0,0,1,7,2015
16,28,816,94,4,63,7,2019
3,26,332486,8973,405,4783,4,2013
5,0,32,2,0,0,10,2019
4,1,64,4,3,0,7,2018
79,17,2449,51,1,8,1,2017
6,25,7782,NA,NA,31,10,2018
4,22,752,3,0,0,12,2018
9,18,1344,11,0,0,8,2014
14,29,7397,33,6,7,3,2013
10,29,304,2,0,0,7,2017
12,20,3,0,0,0,12,2019
12,30,71,0,0,0,3,2017
20,29,4824,22,0,7,5,2014
5,10,97003,387,45,21,12,2018
9,20,5068,53,8,5,6,2019
9,26,143,1,0,0,7,2015
4,21,149,2,0,0,3,2018
15,22,1262403,61496,1178,8865,3,2017
8,24,380,4,1,0,4,2017
17,31,80026,539,25,32,12,2019
4,25,2959684,11298,1265,3930,4,2014
9,28,336,3,0,2,1,2017
8,26,766,21,1,5,5,2018
19,31,45,1,0,2,8,2017
10,22,412,85,4,4,10,2019
10,0,27285,196,33,27,7,2018
19,28,771,3,3,2,1,2019
9,27,5535,120,6,16,5,2013
9,28,217461,4414,270,637,7,2019
9,24,55,0,0,0,5,2016
5,12,613,30,0,12,11,2016
12,28,83,2,3,2,9,2019
9,12,351,1,0,1,8,2016
7,27,566,0,0,0,2,2017
12,28,767,0,1,0,7,2016
12,0,671,2,0,0,10,2017
14,21,183,4,0,0,11,2019
11,28,2373,5,0,1,5,2018
8,24,1064,4,1,1,4,2017
13,30,72,0,0,0,1,2015
11,32,44,4,0,3,10,2019
2,36,1258,7,1,5,4,2011
10,23,52,1,0,0,2,2017
7,30,25,3,0,0,10,2019
5,28,17162,81,2,NA,10,2009
8,24,674,15,0,0,9,2013
8,25,2755,8,2,3,5,2017
9,25,110,0,1,0,5,2016
8,25,84,3,1,1,7,2016
6,27,351,7,1,2,1,2016
12,22,125,3,0,1,4,2014
11,18,7347,167,37,87,10,2018
6,25,145,10,1,2,3,2019
10,20,266,1,0,1,8,2013
9,29,43,2,0,1,6,2019
5,23,5578,233,4,53,9,2017
12,26,44,1,1,1,7,2015
5,26,1260,6,0,0,12,2010
6,27,11,3,0,0,3,2018
77,120,639,12,0,0,5,2017
7,29,28,0,0,0,7,2015
9,27,14993,132,4,10,7,2010
11,27,609,3,0,0,7,2015
11,37,32,5,0,0,4,2018
15,27,256,0,0,0,7,2015
6,25,4,2,0,0,10,2018
5,29,111,14,1,0,5,2018
9,24,88,3,0,0,9,2018
7,31,18,2,0,0,11,2019
5,28,1694,8,5,2,11,2017
9,31,34,2,0,0,10,2019
14,26,759,1,0,0,10,2014
15,27,35,0,0,0,7,2015
11,33,1810,56,4,6,1,2019
8,22,62,4,0,0,9,2019
13,31,1062,4,0,7,2,2016
15,27,502,2,0,0,7,2015
8,24,489,0,0,0,7,2015
11,21,139,0,0,0,1,2018
10,31,103,0,0,0,7,2015
12,22,8448,143,4,58,3,2014
9,28,63,0,0,0,2,2013
11,18,3312,190,3,48,2,2015
7,29,86470,3994,244,970,7,2017
11,25,8709,14,0,0,11,2013
9,6,93,1,0,0,1,2019
3,7,2174,0,0,0,2,2010
9,28,35,0,0,0,9,2014
13,27,119,0,1,0,4,2016
11,29,10982,125,3,29,6,2016
7,28,93777,8819,192,2124,8,2019
8,25,23,0,0,0,3,2018
8,28,458,42,1,6,4,2017
6,10,23973,248,4,26,7,2018
13,23,64,0,0,0,7,2013
50,11,4562,22,3,1,12,2016
8,26,942,32,3,0,7,2008
10,26,124,2,1,1,4,2017
6,23,4268,27,1,1,5,2018
16,24,94,4,0,0,6,2018
9,30,54184,82,304,384,3,2013
9,25,2858,8,1,4,3,2008
6,28,3113,5,4,0,7,2013
7,28,1744,9,0,3,8,2014
11,26,503,1,1,0,8,2015
8,26,353,8,0,4,10,2012
8,25,108,3,0,3,5,2017
17,27,1636553,76388,1290,12457,3,2018
9,30,5258,21,1,NA,12,2009
13,27,533,22,3,28,1,2017
5,27,9,1,0,0,5,2018
7,24,87213,669,50,547,11,2018
6,23,152,1,1,0,10,2013
9,29,660,15,0,0,8,2019
7,31,468,6,1,5,11,2015
8,8,550,4,3,0,5,2018
13,29,42,1,0,0,7,2015
8,24,37064,933,45,449,11,2012
11,28,1186,29,1,21,4,2013
9,20,8599,41,70,13,8,2013
17,30,54741,30,24,6,11,2016
13,23,227,3,1,0,8,2017
5,20,1020,33,2,2,1,2019
11,26,474,4,0,0,10,2016
11,27,686,2,0,0,7,2015
8,16,25,18,3,0,7,2014
15,27,573,6,5,2,10,2017
8,24,81,0,0,0,7,2015
6,0,165,0,0,0,12,2013
14,23,7850,NA,NA,NA,5,2018
4,27,2148,278,4,61,9,2018
20,27,54867,1055,30,170,6,2019
7,27,174,3,0,0,12,2016
8,26,78,0,0,0,4,2017
9,27,921,1,0,0,7,2015
8,32,13,2,0,0,11,2019
6,25,34,0,0,0,6,2015
114,122,6749,3,2,0,7,2017
10,21,297,NA,NA,3,7,2019
11,22,81,7,1,8,2,2017
5,31,2209,6,1,1,9,2010
18,23,88,1,0,0,12,2014
14,26,505,43,0,13,8,2019
5,23,513933,4139,412,1834,11,2013
12,23,17126,102,10,15,10,2019
13,14,773,54,6,37,8,2019
12,24,3492017,9704,1076,100,8,2016
5,20,1479,4,0,0,11,2014
9,20,266945,609,9,99,9,2007
13,0,26836,137,13,21,12,2018
8,30,436266,4326,431,685,3,2018
9,28,2461,16,2,5,7,2017
10,22,373,2,0,0,6,2013
8,28,510,NA,NA,2,4,2019
8,25,581,40,3,32,10,2019
54,72,110276,1064,52,66,3,2019
9,27,22,2,0,0,4,2019
10,29,14,2,0,0,4,2019
8,29,16,2,0,0,4,2019
7,25,220,20,0,3,5,2018
13,25,76,NA,NA,0,12,2018
5,17,77082,246,9,9,8,2017
6,11,521,5,1,1,9,2017
12,32,16,2,0,0,4,2019
6,31,35,3,0,0,6,2019
9,27,70,4,0,0,6,2019
11,21,763,3,0,0,10,2017
10,25,1046,16,1,0,7,2018
12,31,10464697,20267,5891,11035,8,2007
13,22,648,35,1,7,5,2014
33,47,274638,1566,195,289,5,2018
8,28,1889,94,8,20,8,2015
9,28,148819,110,66,9,12,2012
7,18,60457,4065,68,1102,5,2019
9,30,482151,5546,280,5,6,2015
6,5,5518,3,0,5,1,2008
17,23,172524,105,76,15,9,2012
7,32,472103,4205,320,536,8,2019
7,24,43539,1093,17,106,7,2019
7,20,1708846,23907,774,1449,10,2019
12,26,362005,4178,128,391,8,2019
7,32,472103,4205,320,536,8,2019
6,10,75745,671,22,18,2,2016
10,5,2869494,6503,514,336,2,2009
3,1,4639118,52899,1037,1650,4,2014
4,0,573998,2174,831,563,1,2018
4,23,468218,1362,69,73,10,2015
7,24,43539,1093,17,106,7,2019
9,26,1265957,9451,685,2204,5,2014
10,34,175260,804,24,103,11,2011
4,0,22,0,0,0,12,2009
7,1,1336289,11123,300,514,9,2015
7,28,2734954,8777,650,838,7,2015
9,25,675,7,0,1,1,2015
7,20,1708846,23907,774,1449,10,2019
11,25,2043068,6168,149,386,10,2010
5,14,136730,340,43,13,7,2011
7,31,2215,22,4,0,7,2016
4,0,36,0,0,0,4,2018
12,27,2320142,16455,1689,2571,1,2020
10,25,427,3,0,0,2,2015
9,25,507100,1197,39,44,5,2010
9,25,502,3,0,0,4,2015
2,29,0,0,0,0,12,2015
9,25,260,1,1,0,3,2015
3,12,354,1,0,2,8,2013
12,26,362005,4178,128,391,8,2019
5,19,4672757,26662,749,2315,3,2013
8,0,4488,8,3,4,10,2009
6,26,52,1,0,0,8,2009
9,25,464,1,1,1,3,2015
5,3,2063,8,3,0,3,2014
19,21,780,1,0,0,1,2010
8,8,815,1,0,0,4,2011
9,27,43,4,1,1,12,2012
3,0,273,0,0,0,8,2011
8,25,471,2,0,0,1,2015
8,8,1637,4,0,0,4,2011
4,20,568,32,1,12,9,2018
8,4,1303,6,5,NA,5,2015
7,27,29,1,0,0,3,2018
4,20,0,0,0,0,2,2016
74,0,52,2,3,0,11,2018
10,0,123,3,0,NA,6,2018
8,8,328,0,0,0,4,2011
4,24,384,2,0,1,8,2015
4,27,179,9,0,1,11,2016
4,24,154,1,1,1,8,2015
9,30,4,0,0,0,9,2017
8,23,1250,11,0,6,10,2017
3,30,420,15,1,6,7,2016
2,0,25,0,0,0,4,2018
5,5,6840726,28779,3147,512,11,2019
11,30,61721,833,55,242,2,2018
5,30,838361,6611,964,3632,3,2015
7,28,1494842,22029,2288,7991,6,2015
6,26,32099146,751659,18496,130461,9,2010
7,23,5453959,18696,2236,NA,9,2008
12,28,4356813,13994,540,823,11,2009
3,3,7272,40,1,5,2,2016
5,20,136837,10,0,0,3,2015
9,25,292204,4323,144,708,11,2019
13,25,11,2,0,0,1,2020
8,30,1650210,NA,NA,NA,6,2019
7,29,19568147,204056,6703,55493,5,2016
6,30,83340,2227,47,501,11,2015
12,26,73,3,0,0,1,2019
9,25,1296793,13664,664,1919,4,2015
3,31,2762,50,9,12,3,2017
5,31,789820,2503,246,553,10,2013
8,16,3961,61,7,20,8,2017
7,32,168929,1774,94,463,1,2018
7,26,1535,5,0,0,5,2019
7,27,8358,300,8,26,7,2019
6,31,18741,24,1,4,11,2010
11,27,33770,903,16,0,7,2015
9,29,510003,6992,851,2949,1,2019
17,29,491,1,0,0,1,2018
4,26,342935,3122,52,261,6,2013
6,29,4641,194,4,14,12,2019
15,25,2065,8,1,5,3,2018
6,7,29154,78,10,18,9,2011
3,23,111,2,0,0,9,2018
7,27,387,40,1,5,3,2018
5,20,214,3,1,2,10,2018
7,36,1034,71,0,17,8,2018
13,26,105043,675,105,NA,1,2017
4,4,9269,56,2,10,2,2016
6,29,46589,2609,47,237,2,2019
6,28,3162,24,0,8,1,2012
8,8,282,1,0,3,2,2012
5,25,8908937,28349,6940,2429,10,2015
6,9,197,19,2,1,8,2018
2,25,1195,8,1,6,4,2009
7,31,415500,2,5,0,1,2020
7,0,273,0,2,2,5,2019
11,26,2610,56,1,16,8,2016
13,28,47228,79,6,2,10,2011
8,20,140,8,0,2,1,2018
9,21,1923,20,1,0,7,2017
16,27,6272138,17015,2380,670,7,2015
10,7,6218,287,11,19,1,2020
6,21,295,0,0,NA,11,2014
9,32,105,5,0,0,8,2018
8,31,779,3,0,0,3,2015
19,25,149270,2029,147,814,8,2019
14,29,49,1,0,1,10,2014
7,27,19811,96,5,22,10,2014
4,20,418,1,1,0,7,2016
14,19,168,5,0,1,9,2015
57,100,2519,120,2,30,8,2019
56,113,1149,70,3,18,6,2019
5,13,255,22,1,3,8,2018
8,25,5910,212,3,12,10,2019
7,36,25013,500,119,125,4,2018
15,28,32886,1357,26,245,11,2018
7,27,154,10,2,1,4,2018
7,27,5568,13,0,0,4,2015
14,50,525,4,0,0,6,2019
7,28,6259,499,8,274,8,2019
7,26,14134,24,1,4,1,2012
8,29,8483,299,7,28,5,2019
7,33,170,15,0,NA,8,2019
10,29,16,NA,NA,3,3,2020
13,23,2220,7,0,1,11,2018
9,0,1809,5,0,0,8,2017
16,26,1057,NA,NA,NA,12,2011
9,19,290,4,1,0,3,2016
9,25,44889,306,9,70,4,2016
7,26,12861,14,3,1,1,2012
3,22,549,1,0,0,1,2012
8,17,102,1,0,0,9,2013
7,22,300,19,0,3,2,2019
16,25,317,2,0,1,4,2019
5,25,939,19,0,3,10,2016
9,27,58,6,1,4,12,2019
6,28,5414,211,7,14,7,2019
6,7,240,5,0,0,7,2014
9,25,954,5,1,2,4,2018
10,22,199,1,0,0,10,2010
5,0,919,3,0,0,2,2018
8,22,36961,23,2,4,2,2011
10,22,177,1,0,0,10,2010
10,24,8495,302,15,18,1,2020
5,28,5916,225,13,19,10,2019
26,16,111,7,0,0,9,2019
16,23,24,NA,NA,2,3,2020
5,8,307,1,0,0,2,2011
18,29,24,NA,NA,0,3,2020
5,26,198,5,0,0,9,2017
6,25,4961,220,6,21,2,2020
6,31,4593,158,11,22,11,2019
5,33,143,2,0,0,4,2018
7,28,5586,199,8,14,9,2019
23,0,21877,162,15,2,2,2018
6,20,7500,320,11,41,2,2020
8,20,213,12,0,4,12,2017
8,22,362,0,0,0,10,2010
16,10,203,1,0,0,3,2017
7,26,4251,243,3,221,6,2016
9,11,343,0,2,3,2,2020
5,27,7609,402,6,223,12,2019
8,28,4055,194,8,13,5,2019
3,33,54,2,0,0,2,2018
10,22,47,4,0,0,5,2019
54,16,223,5,0,0,9,2019
7,0,1,0,0,0,3,2015
4,33,369,5,0,1,2,2018
9,22,32177,2658,3,159,6,2018
3,29,6057,229,4,17,11,2019
4,21,266,3,0,18,6,2013
7,27,50,1,0,0,6,2015
16,23,214,13,1,8,2,2020
8,0,47,4,0,3,1,2020
9,2,310,12,0,0,12,2019
98,102,1150,57,1,9,11,2019
8,0,1322,44,6,12,11,2018
7,35,1112,4,1,0,9,2018
7,24,6239,187,9,12,12,2019
2,13,175,21,1,5,12,2019
3,0,250734,483,154,10,7,2017
12,24,9546,72,6,21,1,2013
44,104,906,60,1,46,9,2019
10,25,1271,34,20,47,5,2013
9,30,3131,11,1,9,1,2010
15,23,59,0,0,0,7,2015
59,87,2384,104,4,28,9,2019
10,26,8036,158,21,NA,9,2018
7,26,371826,NA,NA,NA,8,2011
6,27,12211911,134056,6154,17344,1,2016
7,23,800406,4,7,NA,5,2018
35,166,306520,3774,203,164,6,2017
7,31,945766,8006,405,1326,10,2015
9,30,67732,231,29,28,12,2014
8,23,5032,201,4,7,8,2019
10,27,76633,71,3,12,12,2010
9,15,21746,99,3,6,6,2017
5,28,94422,353,35,4,11,2010
7,31,76381,1387,37,1,7,2015
2,30,11705788,91798,5092,35064,1,2008
11,30,392,6,0,0,2,2017
9,24,3225006,77159,1068,0,4,2014
7,35,241570,618,87,229,11,2011
6,29,756155,1512,208,390,7,2012
5,27,2193,25,3,2,1,2018
6,26,96963,283,26,NA,3,2009
5,22,138949,766,46,119,6,2014
15,25,153754,1424,23,97,1,2017
6,30,4259,196,7,12,9,2019
7,28,835,29,5,10,3,2018
5,27,716,11,0,7,8,2016
12,29,61347,0,0,1,4,2017
6,32,34,4,0,0,1,2020
8,28,5738,207,7,39,10,2019
14,30,44913,246,7,80,4,2019
16,32,219,0,1,1,3,2017
11,25,252956,NA,NA,13,11,2019
5,23,5119,184,8,33,11,2019
13,27,7209,24,1,0,4,2017
8,31,782647,6642,273,667,1,2018
5,32,309,29,2,4,8,2018
16,35,12997,160,2,70,8,2018
4,12,148669,3282,88,598,5,2016
5,5,11194,3,0,0,1,2011
5,29,3546,156,2,13,9,2019
5,17,1820231,644,361,0,7,2018
15,27,765,7,2,0,2,2019
6,24,26,1,0,0,8,2016
7,7,1246,2,0,0,1,2011
8,28,115209,1045,107,217,10,2017
10,29,8228,291,5,29,10,2019
7,27,4673,214,5,20,9,2019
6,28,117,7,2,1,8,2016
6,28,112,9,2,0,8,2019
6,26,6936,281,7,14,7,2019
4,27,261,0,3,0,10,2017
7,29,431,4,0,1,3,2015
5,26,7124,248,10,23,6,2019
12,29,49217,1497,69,451,10,2019
8,25,117380,592,25,111,2,2014
5,30,105022,313,29,76,6,2015
3,8,102,4,0,1,10,2018
10,31,5374,231,8,18,10,2019
11,28,4744,287,7,30,10,2019
10,33,5151,210,4,14,11,2019
9,23,239,1,0,0,3,2012
17,28,6651,275,9,31,6,2019
6,32,9265,276,12,26,7,2019
6,22,71,2,1,0,9,2015
8,34,6310,255,9,17,6,2019
11,33,11348,262,9,142,1,2018
4,9,1559562,735,424,NA,4,2017
7,26,5310096,59130,1405,2740,7,2010
5,27,13014498,168111,3255,4785,1,2014
6,30,4535926,57771,707,1226,1,2014
12,17,3123130,17528,1273,1334,2,2013
8,2,795570,3894,166,186,5,2010
4,4,1698276,11196,290,1338,12,2007
12,28,3857535,44413,605,1280,1,2014
9,25,1165425,9790,135,541,8,2010
12,30,2490301,15810,179,652,7,2010
5,25,1767054,19961,588,742,1,2014
8,29,5204601,69874,1545,4967,10,2018
13,26,827882,11917,142,348,10,2018
10,28,3808427,34041,473,1597,7,2010
7,24,332092,2954,91,171,10,2011
9,24,15360107,112273,6735,NA,12,2008
5,26,1190721,7415,302,599,7,2010
7,27,1785324,20498,290,319,1,2014
6,9,11744647,133078,2979,5539,3,2009
12,23,15974163,119301,1966,5038,7,2011
7,30,117880,1005,37,73,3,2013
10,25,12636453,121152,2397,3094,7,2010
8,27,401699,3685,47,55,1,2014
7,27,587993,3332,62,140,10,2010
12,23,2087111,18328,362,691,9,2010
9,32,35769,418,13,30,6,2018
8,24,3514716,76103,2582,2526,12,2018
8,22,2114029,43822,781,897,9,2011
16,21,1932670,27632,342,758,9,2010
8,32,1395622,14021,366,534,10,2010
3,0,7314,71,7,4,9,2012
5,19,391803,7119,139,242,1,2019
10,28,530070,4577,59,63,1,2014
8,24,6472676,71641,3376,2817,1,2014
9,24,297050,4278,72,108,9,2011
5,25,7884055,67144,982,1759,8,2010
7,26,8196107,81748,1693,1609,1,2014
11,28,646981,7561,113,206,1,2014
5,18,2850458,10481,281,1303,5,2007
8,28,5577697,34984,786,1935,8,2010
10,23,2211454,21267,293,325,1,2014
6,21,5681553,33861,870,1768,5,2007
11,13,1693306,15429,245,450,9,2010
13,14,4474251,96503,674,4385,10,2018
11,25,451843,6155,128,259,11,2018
13,24,5856885,43448,1105,2671,9,2011
15,23,733994,3825,171,264,10,2011
10,28,844487,7639,168,135,1,2014
12,26,135755,1767,31,231,10,2018
6,23,6568548,141843,1549,8442,10,2018
7,31,645462,4985,76,148,1,2014
12,28,1342895,18398,305,452,9,2011
10,11,975610,3336,144,475,8,2006
9,12,160791,2598,134,258,2,2018
10,24,1138212,11849,89,199,1,2014
10,8,295132,3650,54,81,3,2015
7,25,8754999,89674,2343,1011,3,2009
5,27,62951,2476,83,50,11,2019
4,26,68941,398,14,29,2,2012
12,27,209674,1887,86,NA,9,2018
7,20,147036,941,36,29,11,2012
12,29,939755,10481,132,100,1,2014
11,24,53330,1161,35,180,1,2016
9,23,702210,5442,205,336,3,2013
5,29,2903413,25569,1330,2176,9,2014
8,24,2582098,40238,887,1935,4,2015
7,13,1993658,13949,775,1634,10,2011
12,29,1176172,6864,98,184,8,2010
17,25,1113017,32271,942,1800,7,2017
9,12,92850,490,12,119,10,2011
7,31,255399,2092,20,39,1,2014
9,0,1190315,6420,113,304,10,2011
14,0,14448,96,3,1,9,2018
7,24,6843485,96967,1651,1832,1,2016
9,23,593792,3497,65,127,9,2011
6,0,10104,124,2,7,4,2016
7,31,193883,866,41,110,6,2014
13,35,134920,813,29,52,6,2013
9,26,1000159,5708,332,NA,5,2015
12,28,52857,2294,47,132,10,2018
10,2,2072559,7578,378,628,12,2007
6,29,1316616,13677,1395,416,5,2015
8,8,1353540,4897,603,364,5,2017
6,0,11208,148,2,2,8,2013
6,27,3132877,16983,1764,1167,9,2017
12,20,52194,310,15,13,11,2016
6,0,226248,2719,110,306,11,2016
8,21,46176,2591,21,122,1,2018
9,18,228226,2333,54,53,4,2014
4,0,13309,129,0,5,11,2009
8,7,65736,671,20,16,11,2011
10,17,50176,172,6,15,4,2007
5,14,471258,1362,80,73,10,2010
14,12,2513960,17911,602,1393,10,2018
17,0,91084,3664,64,41,4,2019
7,10,111688,735,15,33,11,2008
8,26,20451,216,5,15,9,2018
8,26,152881,665,18,NA,9,2011
11,28,182566,794,13,35,9,2011
4,4,3695081,15613,742,3116,1,2006
10,25,48725356,713570,12778,21824,7,2012
9,27,2007877,17581,545,984,6,2011
10,28,1194333,14007,745,1192,2,2018
8,27,2164829,7245,166,687,11,2011
13,0,4069,112,2,172,6,2019
7,25,1926532,22054,1212,192,5,2019
3,5,18454,133,6,7,1,2012
12,24,3145355,29138,1601,2606,11,2017
15,26,36454,206,7,28,5,2013
7,17,24195,167,5,9,12,2010
5,19,55539,394,4,13,10,2011
6,14,167891,1269,52,166,3,2013
6,16,11864,100,1,3,12,2011
11,27,363034,1561,101,273,7,2013
8,27,312810,2971,20,30,1,2014
13,24,117918,652,46,23,9,2017
8,0,29184,239,15,18,7,2015
10,26,4192,64,0,7,9,2018
3,8,733589,5057,273,918,3,2008
17,29,658608,11443,238,793,11,2018
9,23,765936,2702,488,132,10,2011
5,5,12049,107,2,5,11,2012
12,13,628664,30799,534,4355,2,2019
4,16,25496,127,2,33,8,2010
18,24,96477,310,15,33,12,2009
4,32,2146,10,0,3,8,2019
11,23,250288,3337,118,230,4,2019
17,28,886944,13584,466,986,11,2019
9,4,239964,1441,76,66,10,2011
12,23,248052,2265,562,632,1,2014
10,0,20451,259,9,5,2,2019
4,4,30820,286,9,57,11,2015
5,28,4481445,14971,381,2908,8,2007
6,0,14203,343,1,29,8,2018
12,21,10125,61,36,6,8,2019
5,19,192179,453,33,86,5,2009
17,11,35650,526,10,25,10,2018
8,9,39514,391,8,24,9,2012
10,25,5614,96,0,1,4,2019
12,25,54863,349,28,14,8,2017
7,4,32132,214,6,17,1,2015
10,29,7649,121,3,NA,10,2018
7,23,166640,1124,76,75,1,2018
10,27,13611,189,1,18,10,2018
12,0,278103,1340,24,117,1,2011
15,29,11101,52,3,4,4,2014
27,42,9058,164,6,16,1,2019
8,22,394733,2876,57,151,12,2013
17,15,3459,60,1,10,10,2018
7,12,307472,1088,30,123,10,2007
11,16,898264,4577,296,445,9,2013
5,5,1604800,9344,374,297,11,2015
15,24,21027,971,10,102,9,2019
9,11,27142,668,5,42,6,2014
6,18,4612,128,2,8,12,2018
6,61,53012,342,8,46,1,2012
8,0,47885,173,2,7,9,2009
5,18,10719,173,9,16,2,2018
7,6,29487,121,3,7,6,2013
5,2,318520,1068,152,NA,7,2008
4,16,1434980,8266,317,990,12,2011
11,24,8600,300,2,18,11,2018
14,18,98492,809,16,50,3,2010
5,22,2806,31,1,5,9,2017
30,27,19881,1264,29,103,1,2020
7,0,13413,99,2,3,11,2013
11,24,11604,147,12,8,3,2017
24,45,291940,9690,111,306,11,2019
6,25,21097,917,19,46,11,2018
10,25,8897,31,0,1,2,2018
16,28,8363,201,16,9,1,2018
7,23,311991,2609,46,NA,7,2010
11,19,39948,260,3,10,2,2012
10,16,274280,1718,25,192,1,2016
44,108,3271,55,4,0,7,2018
8,9,15984,157,1,3,10,2012
10,22,5771,47,2,2,2,2018
10,15,40079,129,5,18,2,2012
11,26,62458,414,25,29,6,2018
24,4,8245,147,4,4,10,2018
7,0,74699,411,51,73,12,2016
10,19,124958,1101,17,79,11,2011
11,18,454049,2242,129,56,9,2017
14,0,57060,328,25,31,10,2018
8,24,2606,NA,NA,NA,8,2018
9,28,50787,565,12,33,3,2014
8,14,73038,269,8,24,7,2012
13,13,192518,804,41,41,10,2012
7,25,60203,339,6,25,9,2007
6,4,641107,4699,120,554,4,2013
13,26,17353,137,30,15,10,2018
8,24,3140633,25636,1678,1819,5,2017
16,25,172068,3020,119,1039,10,2019
8,27,257214,2191,22,17,1,2014
78,86,50029,1031,88,25,2,2018
5,27,257875,1269,65,68,6,2012
26,0,2841,51,0,4,5,2018
6,23,103199,764,17,21,4,2010
11,29,655298,30393,564,691,6,2018
8,24,3318,343,2,48,8,2019
7,5,15504,59,0,11,4,2013
6,22,28830,273,11,12,1,2018
7,26,28750,1747,8,93,8,2018
11,25,3182,33,3,2,4,2019
6,0,22869,98,4,4,8,2011
10,16,79922,652,29,101,12,2016
15,10,49193,194,10,20,3,2011
4,8,43967,130,25,20,4,2008
4,20,101383,517,12,49,9,2007
6,26,28377,172,8,14,10,2011
9,25,55225,977,20,35,10,2017
10,22,1881,25,1,3,11,2018
11,23,27546,588,17,79,11,2018
7,14,6499,21,3,1,1,2017
21,34,119676,2573,74,279,7,2018
4,10,15264,79,2,4,8,2014
3,9,2412,33,1,0,3,2017
47,29,276000,6545,264,369,11,2017
14,26,2926,37,13,2,8,2018
5,16,272474,597,42,108,3,2007
12,21,26884,163,71,2,9,2019
15,24,466796,1061,44,69,12,2007
10,27,1154435,5449,419,221,10,2015
12,21,14587,83,35,5,8,2019
6,23,4174,85,1,1,11,2018
7,17,5256,58,1,7,3,2014
14,11,1033,12,1,1,8,2019
8,25,169735,2830,71,146,4,2018
8,28,53659,186,10,35,12,2011
11,27,6497,44,2,3,10,2017
11,23,218376,537,26,99,7,2009
16,27,3074,26,2,2,7,2018
16,28,66596,453,14,53,1,2016
13,5,15906,78,2,5,6,2015
7,7,4694,213,1,11,3,2018
6,3,48687,243,7,4,10,2011
8,26,2523649,37506,935,1060,2,2011
10,0,487281,2610,48,93,3,2012
8,25,10131,97,4,14,4,2017
6,0,17945,112,2,9,1,2011
10,26,832967,53278,578,629,8,2019
13,18,7403,86,0,7,10,2018
12,21,65632,561,24,30,8,2018
12,0,67822,136,8,31,3,2009
9,20,76243,2074,62,190,9,2018
8,54,44829,162,14,34,5,2008
13,23,5662,35,1,1,6,2017
9,13,53653,2213,36,147,4,2018
3,24,319876,695,22,202,10,2006
9,26,3639,67,1,8,9,2018
9,0,1304369,4342,199,394,1,2012
13,39,1753,52,2,8,5,2019
7,6,6019,39,1,1,8,2010
14,21,480270,3542,98,161,4,2018
9,26,3299,48,1,1,1,2017
7,27,11579,324,11,29,1,2019
6,15,42048,507,23,20,4,2018
5,8,1025,14,1,NA,4,2017
9,24,70302,1524,15,45,3,2010
13,28,1616,51,3,7,4,2018
7,19,2491,28,0,2,10,2018
12,21,52407,339,159,2,8,2019
11,27,5789,129,10,9,11,2018
15,10,17344,81,5,3,3,2011
14,21,227067,6494,158,695,9,2017
10,20,487743,905,24,49,1,2013
8,0,81324,435,32,10,6,2017
7,6,93847,440,13,12,10,2015
7,10,927303,2245,88,279,10,2006
15,22,8956,65,3,3,1,2020
11,13,113678,190,27,15,1,2011
74,0,98122,4048,45,65,3,2018
8,25,10094,142,11,4,9,2019
16,26,2405,14,2,6,5,2018
6,10,22506,70,7,3,12,2012
12,21,52371,286,175,8,9,2019
14,24,1198714,5982,219,860,10,2011
9,21,864546,1022,51,151,4,2011
9,6,2512,34,7,7,11,2019
11,27,173519,1321,136,85,7,2015
12,0,20782,170,5,24,9,2013
8,23,6378,54,2,2,3,2019
12,21,6362,13,6,2,10,2019
12,21,5052,45,12,NA,11,2019
8,22,1673,18,0,0,7,2018
8,30,169039,375,45,108,8,2011
16,5,250423,514,19,52,8,2011
6,13,28776,56,6,8,5,2011
16,21,21944,60,3,9,9,2011
6,1,17593,54,44,24,12,2007
7,18,120,5,0,0,1,2020
7,18,914,9,0,2,8,2018
9,26,3877,97,2,1,10,2019
9,25,298949,6589,124,1099,12,2018
10,29,1957,40,1,1,10,2018
10,24,20824,52,12,13,5,2016
6,28,11082,79,7,11,3,2016
10,8,26336,50,4,9,7,2018
16,25,406791,2982,407,83,3,2020
8,30,58850,4843,81,170,2,2017
82,124,7375,175,3,7,6,2018
8,27,18813,92,1,6,1,2010
6,20,2316,31,1,0,10,2019
12,22,8277,97,7,3,10,2017
11,23,96488,564,237,7,9,2019
12,21,5156,37,15,NA,12,2019
11,21,11321,81,32,3,10,2019
13,27,105744,475,17,0,9,2011
12,21,24312,66,12,NA,10,2019
7,23,46329,127,69,53,7,2016
13,19,1380,25,2,12,10,2018
7,27,7846,103,3,11,2,2017
7,0,7471,NA,NA,NA,10,2015
5,51,5584,39,4,5,8,2017
9,55,35421,153,7,16,9,2011
12,24,2019,10,0,0,2,2019
11,21,10753,93,24,NA,10,2019
11,26,2904,29,4,2,5,2018
5,0,40438,326,10,6,11,2010
14,20,2396,289,2,64,4,2019
12,21,3210,27,7,NA,9,2019
11,21,7465,27,8,NA,11,2019
11,21,24973,130,10,10,1,2018
7,5,3100,17,0,1,1,2016
9,28,4680,81,3,7,10,2018
12,21,7080,60,19,NA,10,2019
18,35,3370,93,18,0,11,2019
15,32,103747,152,11,75,12,2008
12,21,4615,23,10,NA,12,2019
12,21,6678,30,9,NA,10,2019
13,29,2464,38,7,14,8,2019
10,10,245065,673,92,112,7,2006
16,25,9758,95,5,10,6,2019
11,16,28183,388,11,29,4,2018
13,0,131675,511,13,50,10,2012
5,26,8190,51,0,4,6,2013
6,14,37480,106,2,9,6,2007
14,21,3799,32,11,NA,12,2019
8,24,74013,353,2,11,6,2010
8,23,9255892,43056,4431,617,9,2013
11,21,4803,25,10,NA,12,2019
12,21,3709,22,10,NA,12,2019
12,17,81398,856,15,63,4,2018
8,21,697,5,0,0,10,2018
4,29,272,14,1,1,12,2019
11,21,4107,30,12,NA,11,2019
6,27,24967,94,1,24,1,2012
8,26,3321,143,17,65,8,2018
4,4,2937,19,0,0,2,2010
12,21,3156,26,12,NA,1,2020
13,5,276312,785,7,16,11,2011
6,22,11775,665,3,99,11,2018
13,30,4766253,23209,1460,759,5,2015
9,27,10263,92,3,17,10,2017
13,0,7171,43,1,1,3,2019
8,7,478634,1783,80,81,6,2014
72,29,13952,137,19,7,7,2018
11,21,4427,33,17,NA,11,2019
11,21,6348,49,7,NA,10,2019
14,25,20588,184,12,12,3,2010
12,21,5412,40,8,NA,12,2019
7,11,55510,15,6,3,10,2007
10,24,26783,360,9,29,11,2017
10,18,165891,3869,202,291,11,2018
8,20,90835,662,200,16,10,2019
8,28,293,29,0,2,8,2019
11,21,4265,41,6,NA,9,2019
72,86,3170,112,11,8,10,2019
12,17,50624,263,9,36,2,2015
15,21,1483,22,0,5,10,2018
11,21,3207,28,7,NA,10,2019
14,26,360,4,1,0,11,2019
9,0,1564,9,0,1,9,2018
12,21,3086,17,8,NA,10,2019
8,24,38891,115,0,22,1,2010
14,24,2574,13,0,0,2,2019
12,44,33005,1179,26,84,9,2018
10,24,18,2,0,0,3,2020
12,24,11212,56,4,14,6,2017
9,14,262891,944,23,172,10,2011
3,15,13162,92,5,8,1,2015
7,11,19146,102,0,4,1,2009
5,24,148,11,0,5,12,2019
6,28,7591,28,0,0,2,2013
7,9,143078,284,16,155,1,2011
7,21,31207,94,2,17,8,2011
12,21,3188,27,7,NA,11,2019
8,20,16878,98,21,0,9,2019
6,9,146235,231,18,28,4,2011
4,0,6204,88,2,8,9,2012
2,2,15,1,0,0,3,2020
6,6,3516,42,1,2,3,2019
11,25,170471,1028,143,33,3,2020
8,15,13661,75,1,11,5,2009
12,21,5328,58,7,NA,10,2019
4,16,958611,1480,62,150,7,2007
9,20,10600,36,3,11,10,2011
8,29,475,67,0,4,1,2020
12,21,2973,26,8,NA,11,2019
12,10,61447,293,6,18,10,2011
8,27,392,22,0,7,6,2019
9,30,798191,2599,534,159,11,2015
9,7,89754,322,12,41,8,2011
5,26,12132,19,6,0,6,2017
7,29,1165072,9355,1799,306,9,2017
18,27,1684,6,0,1,8,2019
9,0,16175,175,8,12,2,2019
4,16,9254,20,2,3,4,2008
8,22,14935,29,0,2,1,2010
12,21,19846,47,16,NA,10,2019
10,12,15896,104,1,4,6,2010
14,29,607,9,0,0,10,2019
15,26,45,2,0,0,3,2020
8,21,5374,22,2,1,4,2015
8,22,2724606,22860,2425,0,3,2020
10,16,2391,9,0,0,1,2017
5,5,29318,26,2,3,1,2007
15,25,529626,3740,485,112,3,2020
7,10,86661,115,4,23,7,2008
6,0,41634,378,29,11,6,2017
9,26,398,2,0,0,11,2019
12,28,4626,23,2,0,3,2019
8,20,8308075,35347,2133,2192,12,2015
5,9,43523,34,0,25,9,2010
11,30,10032,57,118,0,3,2019
7,6,3579,13,1,0,7,2012
8,5,1910,14,0,0,3,2018
11,0,290,46,0,4,3,2020
14,0,8565,51,6,5,3,2019
9,15,832,6,0,0,2,2018
6,7,41461,99,7,8,12,2007
12,0,52806,52,5,27,3,2009
11,24,12271,141,5,15,4,2018
6,13,2340,3,1,0,12,2016
14,0,10004,83,4,3,7,2013
8,19,26449,110,15,18,3,2013
7,0,25,9,0,1,3,2020
7,30,93,2,1,1,2,2020
13,27,78437,244,21,47,4,2012
16,25,109363,1236,118,51,3,2020
9,21,30581,587,31,36,4,2018
21,175,18347,165,0,10,9,2011
11,8,93309,231,71,30,12,2011
14,29,97720,87,5,0,7,2009
11,17,589507,4692,469,186,3,2020
12,29,1415,13,0,3,10,2019
16,27,178176,1057,456,331,1,2018
10,29,60379,204,6,15,12,2011
11,0,253,5,0,2,12,2019
15,26,92,1,0,0,3,2020
10,10,73317,119,2,11,10,2011
13,27,61704,568,172,88,7,2018
9,11,12196,38,2,0,11,2011
12,20,381175,2910,306,108,3,2020
12,5,10574,45,1,3,12,2017
10,25,129825,1328,91,48,3,2020
5,26,35238,85,3,11,1,2007
12,21,6315,49,10,NA,11,2019
11,18,28429,45,5,7,2,2007
22,58,43871,346,49,109,7,2018
9,28,3802,22,0,1,12,2017
11,0,2625,12,1,2,9,2019
13,13,306,5,0,0,11,2018
16,13,50354,372,148,261,12,2013
5,27,1541139,11621,1596,0,3,2020
9,28,7,1,0,2,3,2020
9,26,33,1,0,2,3,2020
7,21,366614,3858,295,149,3,2020
6,21,3908,11,4,0,3,2018
9,11,169238,799,23,47,10,2010
12,22,658999,4955,836,0,3,2020
9,31,4,0,0,1,3,2020
9,24,1,0,0,1,3,2020
50,60,163,6,0,2,3,2020
68,26,1489,113,5,0,3,2020
15,21,9,0,0,0,3,2020
13,23,3,0,0,2,3,2020
117,26,1947,98,4,0,3,2020
11,15,2,0,0,1,3,2020
8,4,26586,108,50,6,2,2019
9,26,11,2,0,1,3,2020
5,12,21,2,0,0,3,2020
13,25,28,3,0,2,3,2020
16,22,32,2,0,0,3,2020
6,22,46,10,0,8,3,2020
16,26,131,11,0,10,3,2020
12,33,238,3,0,NA,3,2020
8,22,25,10,0,4,3,2020
10,25,21,6,0,1,3,2020
5,31,26,1,1,1,3,2020
12,22,46,10,0,0,3,2020
2,2,68,15,0,2,3,2020
4,7,90,9,3,2,3,2020
6,16,11444,61,0,6,2,2012
12,33,390,4,0,NA,3,2020
15,0,51,5,0,0,3,2020
8,17,11,1,0,0,3,2020
12,33,604,5,0,NA,3,2020
6,0,16014,106,4,11,12,2012
3,120,30,4,0,0,3,2020
8,24,10951,1414,3,75,3,2020
10,11,8,1,0,2,3,2020
5,25,12,1,0,5,3,2020
6,26,7,1,0,0,3,2020
9,18,47,4,0,3,3,2020
10,20,1,0,0,1,3,2020
8,23,232,5,0,0,9,2019
12,21,5493,43,14,NA,11,2019
8,26,3990,137,3,14,3,2020
18,25,92,2,0,0,3,2020
15,18,120,5,0,0,3,2020
10,23,397897,352,117,99,1,2016
10,31,80,12,0,7,3,2020
17,28,13,3,0,0,3,2020
8,27,6,1,0,0,3,2020
13,24,4,4,0,2,3,2020
6,25,5,0,0,0,3,2020
19,31,11,0,0,1,3,2020
5,0,16,0,0,0,3,2020
9,26,38,0,0,1,3,2020
12,21,8271,50,18,NA,11,2019
4,26,2,0,0,1,3,2020
5,25,0,0,0,0,3,2020
10,29,0,0,0,0,3,2020
32,73,7,0,0,0,3,2020
4,0,15,0,0,0,3,2020
11,7,20,0,0,0,3,2020
2,0,15,0,0,0,8,2017
5,0,137,3,0,0,2,2016
4,24,63,2,0,0,11,2013
7,15,226,5,3,0,11,2018
13,23,2122,61,3,4,6,2019
9,3,8,NA,NA,0,1,2020
4,4,577,4,0,0,4,2018
6,19,4522,369,2,67,1,2020
8,11,6243,5,1,1,5,2017
7,26,39663765,294107,16174,13221,4,2018
9,6,85,7,0,2,1,2020
10,4,1,0,0,0,12,2019
10,40,69,0,0,0,7,2017
11,16,8961,41,5,4,1,2012
8,23,850,8,0,0,9,2016
5,23,1729,223,2,50,2,2020
5,30,56,2,0,0,2,2020
4,19,10,1,0,0,10,2014
13,6,73523,163,3,9,8,2011
15,12,16,NA,NA,0,3,2020
4,20,56,0,0,0,9,2011
3,23,250,31,2,0,11,2019
14,23,236,31,3,6,11,2019
18,30,1024317,4615,123,83,7,2006
7,23,1886,10,0,1,10,2014
5,24,52,10,4,1,12,2019
9,27,2600360,48838,1150,423,9,2019
3,24,69,9,1,0,11,2019
10,32,87,2,0,0,7,2017
8,22,295,22,0,3,1,2019
3,24,98,18,2,0,11,2019
5,24,45,8,1,5,11,2019
4,24,57,12,1,2,11,2019
7,25,97,17,2,1,11,2019
3,24,77,12,7,1,11,2019
3,26,83,13,4,0,12,2019
7,12,13032,936,15,260,11,2019
4,18,129033,514,80,96,5,2006
12,23,275,28,10,1,12,2019
3,23,128,17,1,0,11,2019
6,5,29637,2530,26,276,7,2017
11,24,46,17,0,0,11,2019
6,29,1517,111,2,68,1,2020
7,17,64016,2037,43,73,5,2017
11,25,71,10,1,1,11,2019
8,24,81,15,0,4,11,2019
7,34,26314,97,9,36,11,2013
17,21,121,11,6,0,10,2019
14,89,20902,638,12,19,2,2020
7,25,84,13,1,0,12,2019
7,21,121,0,0,0,7,2016
8,24,74,14,0,1,11,2019
8,25,68,12,1,2,11,2019
7,25,161,19,3,10,11,2019
13,31,141,5,1,0,12,2019
4,11,535,30,1,23,10,2012
5,28,25,3,0,1,9,2019
50,64,1227,20,1,3,9,2019
13,23,8885,117,2,9,10,2018
8,11,137,11,0,1,9,2016
10,23,48,0,0,0,10,2011
12,32,225369,739,37,42,7,2017
9,24,2740,102,2,0,2,2018
15,24,82,2,0,1,8,2019
14,27,468259,3000,423,288,4,2017
15,19,205,NA,NA,NA,4,2019
2,33,197,0,0,0,10,2017
13,19,382,NA,NA,NA,1,2019
5,25,167,31,3,4,11,2019
2,19,1,0,0,0,2,2020
3,34,1681,13,2,14,11,2017
7,25,60,10,3,0,12,2019
6,21,30,3,0,0,3,2020
7,25,82,14,3,0,12,2019
11,25,17,2,0,3,10,2019
13,25,97,17,5,15,12,2019
10,31,1164181,52388,519,1991,12,2017
11,18,312,NA,NA,NA,11,2018
11,32,1043600,20695,246,985,2,2018
10,15,189,30,1,17,3,2020
11,25,118,18,1,0,11,2019
9,25,52,11,1,0,11,2019
14,23,4321,26,3,9,8,2019
123,176,8561,50,0,2,10,2019
8,22,51440,825,16,105,10,2017
6,23,40,1,0,0,1,2020
12,23,16,0,0,0,1,2016
47,27,108603,1968,188,264,4,2019
17,24,20,NA,NA,0,3,2020
19,27,854,105,0,9,2,2020
14,22,59,9,1,2,11,2019
7,26,361,4,0,0,8,2019
6,32,1107670,25882,285,3085,6,2016
12,27,1903,44,2,1,8,2019
7,22,14496,215,1,27,11,2011
8,24,150273,3368,150,631,1,2018
18,31,4169,7,0,0,9,2014
4,23,3229,23,2,6,10,2010
8,116,621,46,2,24,10,2018
11,24,1053853,34132,509,7323,8,2019
6,16,2279,156,1,19,1,2020
10,31,96,5,1,5,12,2019
14,25,1195,38,3,18,1,2020
14,22,83,9,1,0,11,2019
9,25,2682,6,2,1,1,2012
13,28,5591,24,4,2,1,2015
24,118,12724,80,8,14,9,2016
5,30,8,0,0,0,3,2020
10,26,47447,1032,38,99,11,2017
4,24,1547,105,22,37,2,2020
18,24,136279,480,34,12,11,2013
13,26,13831,314,17,59,5,2019
15,25,1801,203,6,37,11,2019
4,20,5073,66,6,11,6,2009
6,19,1080,NA,NA,NA,1,2019
10,19,1390,NA,NA,NA,1,2019
9,27,331,2,1,0,1,2019
9,19,779,NA,NA,NA,3,2019
9,19,857,NA,NA,NA,1,2019
9,25,1062,9,0,0,6,2019
10,18,8631,21,3,5,11,2011
7,19,1128,NA,NA,NA,2,2019
9,25,40625,174,16,17,6,2014
13,19,650,NA,NA,NA,1,2019
13,28,6511,18,9,12,10,2015
10,19,389,NA,NA,NA,4,2019
14,19,542,NA,NA,NA,1,2019
7,18,710,NA,NA,NA,11,2018
11,19,534,NA,NA,NA,1,2019
10,18,413,NA,NA,NA,11,2018
14,24,93,13,0,0,11,2019
10,18,18468,141,0,78,6,2017
9,18,663,NA,NA,NA,11,2018
9,28,53,0,0,0,9,2014
26,36,1303,11,0,0,5,2019
14,23,119,18,2,0,11,2019
4,25,29857,141,1,26,2,2011
14,17,21908,621,5,30,7,2019
16,23,118,20,8,3,11,2019
8,27,2750,43,1,NA,6,2016
9,24,2580,4,1,0,10,2012
85,88,342,15,1,15,2,2020
8,30,103127,450,33,42,12,2014
6,28,10987,78,24,8,7,2017
14,25,137,26,1,7,11,2019
13,16,567,NA,NA,0,1,2020
8,20,355,7,0,0,6,2019
39,49,4336,31,3,0,5,2018
8,35,17008,370,8,36,10,2017
4,19,501110,705,98,28,7,2012
14,28,249,12,0,7,4,2018
20,19,44,8,0,4,2,2020
9,22,2083,5,0,0,5,2010
8,31,274747,6443,62,326,10,2018
7,25,37,1,0,1,7,2019
15,30,372,5,0,2,1,2018
19,24,261062,477,49,13,12,2013
15,17,7695,126,4,135,4,2019
13,22,16928,664,4,45,7,2013
10,34,684,37,0,6,1,2018
9,28,66739,971,16,76,11,2014
7,27,6032,97,3,3,4,2014
6,30,706,19,0,0,12,2017
7,33,1532,2,0,0,12,2012
7,25,8,2,0,0,7,2019
13,32,63025,1258,101,259,3,2019
12,19,6892,154,24,16,3,2015
11,24,75275397,406895,24500,12126,1,2017
16,42,3123,66,5,1,7,2019
7,25,36,2,0,1,6,2019
10,19,27169,55,8,10,1,2016
12,15,551,12,0,1,4,2019
12,16,2996,3,0,0,8,2012
9,19,112,1,0,0,9,2018
8,32,96821,1182,15,206,10,2011
10,16,2265,85,13,38,12,2018
4,0,820,7,0,0,7,2016
7,32,21,2,0,0,8,2019
13,22,18209,525,5,25,6,2014
13,22,12019,373,4,37,9,2013
11,25,86495,1102,101,294,12,2019
13,22,16284,593,5,49,7,2013
16,21,8292,441,13,235,9,2019
13,31,3664,61,3,14,4,2019
16,20,3847,3,2,2,8,2012
7,23,2030,2,0,0,2,2014
1,23,238,3,0,0,7,2019
10,19,219658,1017,48,91,8,2015
8,22,1552,16,0,1,7,2017
7,31,33834,426,11,90,2,2011
10,24,39706,NA,NA,13,5,2015
12,24,15793,13,16,8,3,2012
14,24,7406,10,4,2,1,2011
4,24,1410,26,1,1,4,2018
15,19,1894,6,3,3,9,2018
11,24,170451,51,35,3,1,2011
9,30,21377,90,3,10,11,2012
10,24,10600,9,4,1,1,2011
12,32,9366,42,3,45,9,2015
17,25,413,45,1,13,11,2018
11,27,14743,87,10,36,10,2013
9,27,1055,1,1,0,10,2016
13,22,106,3,1,0,12,2019
11,20,910,1,0,1,8,2012
7,25,708,NA,NA,3,10,2019
10,30,1055,7,1,0,12,2017
8,23,1154,5,1,2,9,2014
9,24,6110,7,5,3,2,2011
5,12,810992,3000,56,157,5,2006
9,23,684,7,0,1,9,2014
12,26,4040,53,3,8,12,2014
10,27,807,12,0,7,10,2013
7,28,3170,21,1,0,12,2011
5,28,17919,49,5,66,8,2006
10,27,334,1,0,0,4,2017
10,24,4870,21,1,10,8,2016
3,0,33,5,1,0,2,2020
12,20,253,1,0,0,8,2012
12,27,442,10,0,2,12,2013
9,22,380,24,1,9,10,2018
11,27,434,4,0,2,3,2014
7,28,1736,3,0,0,12,2011
9,27,264,4,0,2,2,2014
7,25,476,1,0,0,5,2015
6,18,1963,2,3,0,10,2014
15,29,1089,5,1,3,7,2014
8,25,93,8,0,7,8,2017
44,28,493,22,0,2,9,2019
5,28,1605,15,0,0,12,2011
8,19,101,8,0,8,8,2017
8,23,137,15,0,1,2,2018
13,18,36,1,1,0,9,2014
9,17,1280,18,0,3,8,2016
12,24,113,0,0,0,6,2016
4,23,86,0,0,0,9,2014
12,20,190,0,0,0,8,2012
11,24,98,NA,NA,NA,2,2018
156,118,4,0,0,0,1,2020
21,19,383,5,26,NA,2,2020
3,30,2422,36,2,19,9,2018
14,25,5112012,39118,837,1538,10,2018
4,9,6881823,39685,1591,1778,6,2010
6,19,1834062,21361,324,928,10,2019
5,29,11119660,10172,2514,NA,3,2011
12,28,65421093,196623,6351,4957,9,2009
7,27,16123415,379116,5017,8416,7,2019
13,30,33192386,163372,7457,5307,10,2016
14,23,29527122,208721,7059,10460,2,2019
9,19,6020285,29143,1189,1008,11,2009
13,30,37158,1583,25,78,5,2019
9,27,312860,1885,108,154,11,2015
7,26,1572,3,0,0,10,2014
15,14,200,NA,NA,0,1,2017
11,27,3830936,23338,1072,5884,11,2009
15,27,1015339,7589,929,335,8,2018
11,30,28950449,142211,5731,2594,1,2011
12,27,80489,1549,37,290,10,2017
13,22,11432,142,153,16,12,2015
8,24,30954,226,7,66,6,2015
5,24,1885298,15350,4851,4697,11,2019
12,23,3545208,8892,376,572,6,2014
11,27,131680,856,24,84,2,2016
8,26,356595,4398,160,152,9,2018
5,26,68810,200,14,18,7,2016
11,24,46074,138,25,5,9,2017
15,29,5483067,36540,6617,22625,1,2019
9,28,25060,219,46,56,5,2019
9,29,1039,26,0,4,6,2018
7,30,2008830,81973,912,3038,3,2019
9,33,1004184,1970,139,613,8,2014
3,19,11378,29,1,4,2,2013
9,29,2236,42,1,17,6,2019
10,10,136830321,2279551,36627,137923,7,2015
15,30,2454405,527,98,186,4,2019
4,23,6709171,37824,5830,811,11,2017
7,10,157,2,0,0,10,2012
12,23,2011446,17177,497,179,9,2014
9,10,64879,497,87,94,5,2015
9,37,3724,63,2,10,9,2018
11,30,13430757,51791,5255,6783,5,2017
7,28,599553,3888,339,558,3,2012
19,33,22330,224,21,58,5,2019
5,26,1619,15,1,1,5,2018
3,22,19469346,52220,2854,2139,10,2009
12,28,3255375,8267,740,144,10,2014
14,21,190692,3790,559,253,3,2019
20,30,1324769,24537,1020,3816,4,2019
19,25,588786,9164,628,1620,4,2017
9,26,41,1,0,0,9,2017
7,34,1158530,10964,260,457,8,2016
78,120,70360,915,120,19,3,2018
13,26,1726,4,4,4,4,2019
14,20,14401,122,23,29,8,2018
5,31,105951,337,27,9,7,2018
8,21,205,2,0,0,1,2020
12,33,2284,104,5,81,10,2018
13,19,9283,218,14,115,8,2019
15,23,44274,737,58,NA,12,2018
162,120,9302,187,12,5,11,2019
81,84,25069,277,37,69,10,2019
10,32,48410,533,43,NA,1,2017
12,33,81626,990,111,105,3,2018
60,65,31564,659,68,62,8,2019
8,25,758,5,0,0,10,2012
71,116,17209,158,21,21,6,2019
10,27,767437,6733,1617,2514,2,2019
9,23,5835,100,1,102,10,2016
7,27,155492,204,45,29,3,2014
10,27,1313606,14686,2097,573,4,2018
65,95,5321,68,6,25,6,2019
4,0,2386637,15533,1719,306,11,2016
12,16,3853052,16705,6261,44,8,2018
13,17,33517,140,21,13,10,2018
58,66,335917,1629,400,116,2,2019
15,24,28136,55,5,14,10,2016
7,33,28655,192,23,13,6,2017
58,36,48833,494,111,84,12,2018
10,30,27225,194,19,63,11,2017
71,12,190029,2055,459,442,12,2018
9,13,43,0,0,0,3,2019
62,31,26762,1332,93,304,12,2018
9,24,29583,555,17,133,4,2019
11,30,34598,791,152,81,3,2018
84,87,23148,51,22,5,6,2019
10,24,171,2,1,0,5,2019
5,26,4297,6,0,NA,8,2013
8,0,5427,27,3,3,10,2017
10,33,6915972,21676,4142,633,10,2017
17,25,120845,1631,246,139,10,2018
7,26,3242,8,0,2,3,2020
8,26,82,0,0,1,3,2020
11,14,11,0,0,0,3,2020
